id,code,first_name,second_name,web_name,team_code,player_type,status,in_dreamteam,form,total_points,points_per_game,minutes,goals_scored,assists,clean_sheets,goals_conceded,own_goals,penalties_saved,penalties_missed,yellow_cards,red_cards,saves,bonus,now_cost
1,37605,Mesut,Özil,Özil,ARS,MID,a,FALSE,0,53,2.9,1439,1,3,5,20,0,0,0,1,0,0,1,70
2,39476,Sokratis,Papastathopoulos,Sokratis,ARS,DEF,a,FALSE,0,57,3,1696,2,0,4,25,0,0,0,6,0,0,5,50
3,41270,David,Luiz Moreira Marinho,David Luiz,ARS,DEF,d,FALSE,0,94,2.8,2809,2,1,8,42,0,0,0,5,2,0,10,55
4,54694,Pierre-Emerick,Aubameyang,Aubameyang,ARS,MID,a,FALSE,0,205,5.7,3136,22,5,10,44,0,0,0,3,1,0,37,120
5,58822,Cédric,Soares,Cédric,ARS,DEF,a,FALSE,0,61,2.9,1553,1,1,4,20,0,0,0,1,0,0,3,50
6,59966,Alexandre,Lacazette,Lacazette,ARS,FWD,a,FALSE,0,118,3.9,1867,10,7,5,25,0,0,0,8,0,0,16,85
7,69140,Shkodran,Mustafi,Mustafi,ARS,DEF,i,FALSE,0,43,2.9,1205,0,2,4,17,0,0,0,2,0,0,2,50
8,80201,Bernd,Leno,Leno,ARS,GKP,a,FALSE,0,114,3.8,2649,0,0,7,39,0,1,0,2,0,113,10,50
9,84450,Granit,Xhaka,Xhaka,ARS,MID,a,FALSE,0,73,2.4,2586,1,2,10,31,0,0,0,10,0,0,2,55
10,92371,Pablo,Marí,Marí,ARS,DEF,i,FALSE,0,8,4,113,0,0,1,0,0,0,0,0,0,0,1,45
11,98745,Héctor,Bellerín,Bellerín,ARS,DEF,a,FALSE,0,44,2.9,1156,1,0,4,18,0,0,0,2,0,0,4,50
13,101184,Calum,Chambers,Chambers,ARS,DEF,i,FALSE,0,42,3,1102,1,1,3,15,0,0,0,5,0,0,5,45
14,111457,Sead,Kolasinac,Kolasinac,ARS,DEF,a,FALSE,0,55,2.1,1694,0,2,4,26,0,0,0,4,0,0,1,50
15,154043,Ainsley,Maitland-Niles,Maitland-Niles,ARS,DEF,a,FALSE,0,41,2,1382,0,2,3,22,0,0,0,4,1,0,3,50
16,156074,Rob,Holding,Holding,ARS,DEF,a,FALSE,0,16,2,580,0,0,1,9,0,0,0,1,0,0,2,45
17,192895,Kieran,Tierney,Tierney,ARS,DEF,a,FALSE,0,42,2.8,986,1,2,2,16,0,0,0,2,0,0,4,55
18,195735,Nicolas,Pépé,Pépé,ARS,MID,a,FALSE,0,106,3.4,2004,5,6,5,30,0,0,0,4,0,0,9,80
19,198849,Lucas,Torreira,Torreira,ARS,MID,a,FALSE,0,46,1.6,1501,1,1,3,23,0,0,0,7,0,0,0,50
20,200089,Joseph,Willock,Willock,ARS,MID,a,FALSE,0,41,1.4,838,1,1,1,16,0,0,0,2,0,0,0,50
21,200641,Reiss,Nelson,Nelson,ARS,MID,a,FALSE,0,30,1.8,622,1,1,2,7,0,0,0,1,0,0,0,55
22,205533,Edward,Nketiah,Nketiah,ARS,FWD,a,FALSE,0,25,1.9,628,2,0,3,9,0,0,0,0,1,0,1,60
23,209289,Emile,Smith Rowe,Smith Rowe,ARS,MID,a,FALSE,0,4,2,96,0,0,1,0,0,0,0,0,0,0,0,45
24,223340,Bukayo,Saka,Saka,ARS,MID,a,FALSE,0,71,2.7,1746,1,6,7,18,0,0,0,6,0,0,4,55
25,242166,Matteo,Guendouzi,Guendouzi,ARS,MID,a,FALSE,0,48,2,1744,0,2,3,31,0,0,0,6,0,0,2,50
26,444145,Gabriel Teodoro,Martinelli Silva,Martinelli,ARS,MID,i,FALSE,0,39,2.8,656,3,1,2,9,0,0,0,1,0,0,5,50
27,462424,William,Saliba,Saliba,ARS,DEF,a,FALSE,0,0,0,0,0,0,0,0,0,0,0,0,0,0,0,45
478,47431,Willian,Borges Da Silva,Willian,ARS,MID,a,FALSE,0,168,4.7,2595,9,9,10,35,0,0,0,4,0,0,26,80
494,226597,Gabriel,Magalhães,Gabriel,ARS,DEF,a,FALSE,0,0,0,0,0,0,0,0,0,0,0,0,0,0,0,50
501,182539,Daniel,Ceballos Fernández,Ceballos,ARS,MID,a,FALSE,0,57,2.4,1687,0,2,7,21,0,0,0,1,0,0,3,50
526,153256,Mohamed Naser,El Sayed Elneny,Elneny,ARS,MID,a,FALSE,0,0,0,0,0,0,0,0,0,0,0,0,0,0,0,45
527,113534,Matt,Macey,Macey,ARS,GKP,a,FALSE,0,0,0,0,0,0,0,0,0,0,0,0,0,0,0,40
547,115918,Rúnar Alex,Rúnarsson,Rúnarsson,ARS,GKP,a,FALSE,0,0,0,0,0,0,0,0,0,0,0,0,0,0,0,45
12,98980,Emiliano,Martínez,Martínez,AVL,GKP,a,FALSE,0,33,3.7,770,0,0,3,9,0,0,0,2,0,34,1,45
28,21205,Tom,Heaton,Heaton,AVL,GKP,i,FALSE,0,59,3,1794,0,0,4,35,1,0,0,0,0,67,3,45
29,37339,Ahmed,El Mohamady,El Mohamady,AVL,DEF,a,FALSE,0,39,2.2,1024,1,1,2,28,0,0,0,1,0,0,7,45
30,40564,Henri,Lansbury,Lansbury,AVL,MID,a,FALSE,0,12,1.2,190,0,0,0,6,0,0,0,0,0,0,0,45
31,47390,Neil,Taylor,Taylor,AVL,DEF,a,FALSE,0,22,1.6,1088,0,0,2,25,0,0,0,2,0,0,0,45
32,79852,Jed,Steer,Steer,AVL,GKP,a,FALSE,0,1,1,7,0,0,0,0,0,0,0,0,0,0,0,40
33,85242,Conor,Hourihane,Hourihane,AVL,MID,a,FALSE,0,83,3.1,1526,3,5,6,29,0,0,0,4,0,0,9,60
34,89274,José Ignacio,Peleteiro Romallo,Jota,AVL,MID,a,FALSE,0,17,1.7,329,0,1,2,5,0,0,0,0,0,0,0,60
35,98770,Ørjan,Nyland,Nyland,AVL,GKP,a,FALSE,0,15,2.1,537,0,0,1,12,0,0,0,0,0,15,0,40
36,108156,Bjorn,Engels,Engels,AVL,DEF,a,FALSE,0,42,2.5,1446,1,0,3,32,0,0,0,1,0,0,4,45
37,114283,Jack,Grealish,Grealish,AVL,MID,a,FALSE,0,149,4.1,3233,8,7,7,63,0,0,1,8,0,0,19,70
38,122806,John,McGinn,McGinn,AVL,MID,a,FALSE,0,84,3,2312,3,3,6,41,0,0,0,3,0,0,4,55
39,123354,Kortney,Hause,Hause,AVL,DEF,a,FALSE,0,34,1.9,1544,1,0,2,34,0,0,0,3,0,0,0,45
40,148508,Mahmoud Ahmed,Ibrahim Hassan,Trézéguet,AVL,MID,a,FALSE,0,98,2.9,1936,6,2,6,29,0,0,0,2,1,0,7,55
41,149484,Tyrone,Mings,Mings,AVL,DEF,a,FALSE,0,90,2.7,2902,2,2,6,53,0,0,0,7,0,0,9,50
42,169359,Matt,Targett,Targett,AVL,DEF,a,FALSE,0,80,2.9,2291,1,3,5,40,0,0,0,4,0,0,10,45
43,184386,James,Bree,Bree,AVL,DEF,u,FALSE,0,0,0,0,0,0,0,0,0,0,0,0,0,0,0,45
44,184704,Marvelous,Nakamba,Nakamba,AVL,MID,a,FALSE,0,43,1.5,1826,0,0,1,37,0,0,0,5,0,0,0,45
45,193488,Anwar,El Ghazi,El Ghazi,AVL,MID,a,FALSE,0,93,2.7,2046,4,5,5,48,0,0,0,3,0,0,0,60
46,199798,Ezri,Konsa Ngoyo,Konsa,AVL,DEF,a,FALSE,0,65,2.6,2038,1,2,5,39,0,0,0,3,0,0,4,45
47,203368,Frédéric,Guilbert,Guilbert,AVL,DEF,a,FALSE,0,62,2.5,2038,0,2,6,36,0,0,0,7,0,0,4,45
48,213345,Wesley,Moraes,Wesley,AVL,FWD,i,FALSE,0,67,3.2,1782,5,1,6,31,0,0,1,3,0,0,7,60
49,217487,Mbwana,Samatta,Samatta,AVL,FWD,a,FALSE,0,29,2.1,940,1,0,4,18,0,0,0,1,0,0,2,60
50,221239,Keinan,Davis,Davis,AVL,FWD,a,FALSE,0,25,1.4,534,0,1,1,7,0,0,0,0,0,0,0,45
51,223349,Indiana,Vassilev,Vassilev,AVL,FWD,a,FALSE,0,4,1,47,0,0,0,1,0,0,0,0,0,0,0,45
52,230046,Douglas Luiz,Soares de Paulo,Douglas Luiz,AVL,MID,a,FALSE,0,90,2.5,2604,3,2,8,51,0,0,0,8,0,0,5,50
106,88894,Ross,Barkley,Barkley,AVL,MID,a,FALSE,0,61,2.9,1095,1,5,5,14,0,0,0,0,0,0,5,60
496,199796,Matthew,Cash,Cash,AVL,DEF,a,FALSE,0,0,0,0,0,0,0,0,0,0,0,0,0,0,0,50
514,178301,Ollie,Watkins,Watkins,AVL,FWD,a,FALSE,0,0,0,0,0,0,0,0,0,0,0,0,0,0,0,60
540,110504,Bertrand,Traoré,Traoré,AVL,MID,a,FALSE,0,0,0,0,0,0,0,0,0,0,0,0,0,0,0,60
554,232653,Jacob,Ramsey,Ramsey,AVL,MID,a,FALSE,1,1,1,13,0,0,0,0,0,0,0,0,0,0,0,45
53,20529,Glenn,Murray,Murray,BHA,FWD,n,FALSE,0,36,1.6,785,1,1,2,10,0,0,0,0,0,0,0,50
54,39155,Adam,Lallana,Lallana,BHA,MID,a,FALSE,0,27,1.8,371,1,1,1,5,0,0,0,1,0,0,1,65
57,60307,Pascal,Groß,Groß,BHA,MID,a,FALSE,0,76,2.6,1791,2,5,3,32,1,0,0,4,0,0,7,60
58,61933,Shane,Duffy,Duffy,BHA,DEF,n,FALSE,0,44,2.3,1232,1,0,3,18,0,0,0,2,0,0,1,45
59,66242,Davy,Pröpper,Pröpper,BHA,MID,a,FALSE,0,78,2.2,2826,1,2,6,46,1,0,0,4,0,0,2,50
60,74471,Aaron,Mooy,Mooy,BHA,MID,u,FALSE,0,80,2.6,2079,2,2,6,33,0,0,0,1,1,0,9,50
61,78916,Dan,Burn,Burn,BHA,DEF,a,FALSE,0,86,2.5,2879,0,0,9,42,0,0,0,5,0,0,3,45
62,83299,Lewis,Dunk,Dunk,BHA,DEF,a,FALSE,0,128,3.6,3230,3,3,9,50,0,0,0,9,0,0,17,50
63,86153,Martín,Montoya,Montoya,BHA,DEF,u,FALSE,0,62,2.3,1892,0,1,6,32,0,0,0,5,0,0,3,45
64,93284,Florin,Andone,Andone,BHA,FWD,a,FALSE,0,5,1.7,71,1,0,0,2,0,0,0,0,1,0,1,50
65,109345,Solomon,March,March,BHA,MID,a,FALSE,0,38,2,1139,0,1,4,15,0,0,0,2,0,0,3,50
66,110735,Adam,Webster,Webster,BHA,DEF,a,FALSE,0,88,2.8,2668,3,1,5,44,1,0,0,4,0,0,7,45
67,111478,Joël,Veltman,Veltman,BHA,DEF,a,FALSE,0,0,0,0,0,0,0,0,0,0,0,0,0,0,0,45
68,115382,Neal,Maupay,Maupay,BHA,FWD,a,FALSE,0,131,3.5,2763,10,3,8,36,0,0,1,3,0,0,21,65
69,116216,Leandro,Trossard,Trossard,BHA,MID,a,FALSE,0,104,3.4,2004,5,5,4,34,0,0,0,0,0,0,9,60
70,131897,Mathew,Ryan,Ryan,BHA,GKP,a,FALSE,0,135,3.6,3420,0,0,9,54,0,0,0,0,0,117,14,45
71,165210,Alireza,Jahanbakhsh,Jahanbakhsh,BHA,MID,a,FALSE,0,28,2.8,305,2,1,1,4,0,0,0,0,0,0,2,55
72,167473,José,Izquierdo,Izquierdo,BHA,MID,i,FALSE,0,0,0,0,0,0,0,0,0,0,0,0,0,0,0,55
73,178173,Matthew,Clarke,Clarke,BHA,DEF,n,FALSE,0,0,0,0,0,0,0,0,0,0,0,0,0,0,0,45
74,198869,Ben,White,White,BHA,DEF,a,FALSE,0,0,0,0,0,0,0,0,0,0,0,0,0,0,0,45
75,209362,Bernardo,Fernandes da Silva Junior,Bernardo,BHA,DEF,a,FALSE,0,21,1.5,675,0,0,1,17,0,0,0,1,0,0,3,40
76,227127,Yves,Bissouma,Bissouma,BHA,MID,a,FALSE,0,39,1.8,1253,1,0,4,18,0,0,0,4,0,0,0,45
77,232792,Tariq,Lamptey,Lamptey,BHA,DEF,a,FALSE,0,26,2.9,619,0,1,3,8,0,0,0,2,0,0,0,45
78,233425,Aaron,Connolly,Connolly,BHA,FWD,a,FALSE,0,61,2.5,1250,3,3,5,22,0,0,0,0,0,0,5,55
79,235382,Steven,Alzate,Alzate,BHA,MID,a,FALSE,0,33,1.7,1181,0,0,3,18,0,0,0,1,0,0,0,45
80,243016,Alexis,Mac Allister,Mac Allister,BHA,MID,a,FALSE,0,12,1.3,348,0,0,0,6,0,0,0,0,0,0,0,55
503,108813,Christian,Walton,Walton,BHA,GKP,a,FALSE,0,0,0,0,0,0,0,0,0,0,0,0,0,0,0,40
528,49262,Jason,Steele,Steele,BHA,GKP,a,FALSE,0,0,0,0,0,0,0,0,0,0,0,0,0,0,0,40
550,220738,Jayson,Molumby,Molumby,BHA,MID,a,FALSE,0,0,0,0,0,0,0,0,0,0,0,0,0,0,0,45
55,40845,Dale,Stephens,Stephens,BUR,MID,a,FALSE,0,63,1.9,2525,0,1,6,42,0,0,0,8,0,0,1,45
81,17761,James,Tarkowski,Tarkowski,BUR,DEF,a,FALSE,0,143,3.8,3420,2,3,15,50,0,0,0,10,0,0,14,55
82,17997,Phil,Bardsley,Bardsley,BUR,DEF,a,FALSE,0,78,3.7,1890,0,2,9,19,0,0,0,6,0,0,6,45
83,39487,Erik,Pieters,Pieters,BUR,DEF,a,FALSE,0,77,3.2,1876,0,5,6,35,0,0,0,2,0,0,10,45
84,40145,Jack,Cork,Cork,BUR,MID,i,FALSE,0,70,2.3,2614,0,0,12,41,0,0,0,1,0,0,0,50
85,41674,Kevin,Long,Long,BUR,DEF,a,FALSE,0,21,2.6,562,0,0,2,5,0,0,0,0,0,0,0,45
86,44683,Jay,Rodriguez,Rodriguez,BUR,FWD,a,FALSE,0,100,2.8,2002,8,2,7,34,0,0,0,1,0,0,9,60
87,44699,Ashley,Barnes,Barnes,BUR,FWD,i,FALSE,0,61,3.2,1350,6,0,8,21,0,0,0,4,0,0,6,60
88,51927,Ben,Mee,Mee,BUR,DEF,i,FALSE,0,110,3.4,2880,1,2,13,45,0,0,0,7,0,0,6,50
89,60551,Ashley,Westwood,Westwood,BUR,MID,a,FALSE,0,118,3.4,3150,2,7,15,39,0,0,0,9,0,0,11,55
90,60586,Johann Berg,Gudmundsson,Gudmundsson,BUR,MID,a,FALSE,0,30,2.5,617,1,1,3,7,0,0,0,0,0,0,1,55
91,60689,Chris,Wood,Wood,BUR,FWD,a,FALSE,0,136,4.2,2436,14,1,11,33,1,0,0,1,0,0,21,65
92,68983,Matthew,Lowton,Lowton,BUR,DEF,a,FALSE,0,48,2.8,1530,0,1,6,31,0,0,0,2,0,0,1,45
93,81183,Matej,Vydra,Vydra,BUR,FWD,a,FALSE,0,39,2.1,807,2,1,5,7,0,0,0,0,0,0,3,50
94,83312,Ben,Gibson,Gibson,BUR,DEF,n,FALSE,0,0,0,0,0,0,0,0,0,0,0,0,0,0,0,40
95,90517,Robbie,Brady,Brady,BUR,MID,a,FALSE,0,32,1.9,445,1,2,1,10,0,0,0,1,0,0,0,50
96,98747,Nick,Pope,Pope,BUR,GKP,a,FALSE,0,170,4.5,3420,0,0,15,50,0,1,0,1,0,120,23,55
97,103914,Charlie,Taylor,Taylor,BUR,DEF,a,FALSE,0,84,3.5,1944,0,1,10,18,0,0,0,3,0,0,5,45
98,172782,Josh,Brownhill,Brownhill,BUR,MID,a,FALSE,0,21,2.1,805,0,0,4,10,0,0,0,2,0,0,0,50
99,220037,Bailey,Peacock-Farrell,Peacock-Farrell,BUR,GKP,a,FALSE,0,0,0,0,0,0,0,0,0,0,0,0,0,0,0,40
100,433154,Dwight,McNeil,McNeil,BUR,MID,a,FALSE,0,123,3.2,3339,2,7,16,48,0,0,0,5,0,0,6,60
519,218023,Jimmy,Dunne,Dunne,BUR,DEF,a,FALSE,0,0,0,0,0,0,0,0,0,0,0,0,0,0,0,40
520,461102,Bobby,Thomas,Thomas,BUR,DEF,a,FALSE,0,0,0,0,0,0,0,0,0,0,0,0,0,0,0,40
535,217401,Josh,Benson,Benson,BUR,MID,a,FALSE,0,0,0,0,0,0,0,0,0,0,0,0,0,0,0,45
536,195471,Anthony,Driscoll-Glennon,Driscoll-Glennon,BUR,DEF,a,FALSE,0,0,0,0,0,0,0,0,0,0,0,0,0,0,0,40
551,195064,Mace,Goodridge,Goodridge,BUR,MID,a,FALSE,0,0,0,0,0,0,0,0,0,0,0,0,0,0,0,45
101,20310,Willy,Caballero,Caballero,CHE,GKP,a,FALSE,0,13,2.6,450,0,0,1,7,0,0,0,0,0,10,0,50
102,41328,César,Azpilicueta,Azpilicueta,CHE,DEF,a,FALSE,0,130,3.6,3229,2,6,8,53,0,0,0,1,0,0,16,60
103,44346,Olivier,Giroud,Giroud,CHE,FWD,a,FALSE,0,68,3.8,988,8,1,6,16,0,0,0,1,0,0,5,70
104,82263,Marcos,Alonso,Alonso,CHE,DEF,a,FALSE,0,100,5.6,1429,4,4,7,18,0,0,0,4,0,0,11,60
105,85955,Jorge Luiz,Frello Filho,Jorginho,CHE,MID,a,FALSE,0,92,3,2376,4,3,6,40,0,0,0,10,0,0,9,50
107,91651,Mateo,Kovacic,Kovacic,CHE,MID,s,FALSE,0,68,2.2,2065,1,3,4,37,0,0,0,8,0,0,6,55
109,102380,Antonio,Rüdiger,Rüdiger,CHE,DEF,a,FALSE,0,63,3.1,1710,2,0,5,24,1,0,0,3,0,0,5,50
110,103192,Kurt,Zouma,Zouma,CHE,DEF,a,FALSE,0,62,2.2,2343,0,0,7,37,1,0,0,6,0,0,2,50
111,109533,Emerson,Palmieri dos Santos,Emerson,CHE,DEF,a,FALSE,0,19,1.3,1022,0,0,1,21,0,0,0,3,0,0,0,50
112,109745,Kepa,Arrizabalaga,Arrizabalaga,CHE,GKP,a,FALSE,0,90,2.7,2970,0,0,8,47,0,0,0,0,0,55,0,50
113,116594,N'Golo,Kanté,Kanté,CHE,MID,a,FALSE,0,57,2.6,1730,3,0,3,25,0,0,0,4,0,0,2,50
114,124183,Hakim,Ziyech,Ziyech,CHE,MID,i,FALSE,0,0,0,0,0,0,0,0,0,0,0,0,0,0,0,80
115,126187,Ruben,Loftus-Cheek,Loftus-Cheek,CHE,MID,a,FALSE,0,12,1.7,203,0,1,1,3,0,0,0,0,0,0,0,60
116,135363,Andreas,Christensen,Christensen,CHE,DEF,a,FALSE,0,34,1.6,1751,0,0,3,33,0,0,0,5,0,0,0,50
117,165153,Timo,Werner,Werner,CHE,FWD,a,FALSE,0,0,0,0,0,0,0,0,0,0,0,0,0,0,0,95
118,173879,Tammy,Abraham,Abraham,CHE,FWD,a,FALSE,0,153,4.5,2206,15,6,7,34,1,0,0,2,0,0,20,75
119,176413,Christian,Pulisic,Pulisic,CHE,MID,a,FALSE,0,127,5.1,1717,9,8,6,28,0,0,0,0,0,0,8,85
120,184341,Mason,Mount,Mount,CHE,MID,a,FALSE,0,137,3.7,2865,7,6,9,44,0,0,0,3,0,0,11,70
121,194794,Fikayo,Tomori,Tomori,CHE,DEF,a,FALSE,0,48,3.2,1291,1,0,4,18,0,0,0,3,0,0,7,50
122,209046,Callum,Hudson-Odoi,Hudson-Odoi,CHE,MID,a,FALSE,0,53,2.4,849,1,5,2,14,0,0,0,1,0,0,3,60
123,225796,Reece,James,James,CHE,DEF,a,FALSE,0,61,2.5,1510,0,2,5,23,0,0,0,1,0,0,5,50
124,243568,Billy,Gilmour,Gilmour,CHE,MID,i,FALSE,0,9,1.5,191,0,0,1,3,0,0,0,0,0,0,0,45
232,172850,Benjamin,Chilwell,Chilwell,CHE,DEF,i,FALSE,0,114,4.2,2374,3,3,9,26,0,0,0,3,0,0,8,55
490,51090,Thiago,Thiago,Thiago Silva,CHE,DEF,d,FALSE,0,0,0,0,0,0,0,0,0,0,0,0,0,0,0,55
500,219847,Kai,Havertz,Havertz,CHE,MID,a,FALSE,0,0,0,0,0,0,0,0,0,0,0,0,0,0,0,85
548,228286,Edouard,Mendy,Mendy,CHE,GKP,a,FALSE,0,0,0,0,0,0,0,0,0,0,0,0,0,0,0,50
108,94245,Michy,Batshuayi,Batshuayi,CRY,FWD,a,FALSE,0,28,1.8,224,1,2,0,8,0,0,0,0,0,0,1,60
125,19419,Gary,Cahill,Cahill,CRY,DEF,i,FALSE,0,70,2.8,2167,0,1,7,35,0,0,0,1,0,0,4,45
126,20066,Wayne,Hennessey,Hennessey,CRY,GKP,a,FALSE,0,7,2.3,270,0,0,0,8,0,0,0,0,0,16,0,45
127,40784,Mamadou,Sakho,Sakho,CRY,DEF,i,FALSE,0,11,0.8,929,0,0,0,21,0,0,0,1,1,0,0,45
128,40836,Vicente,Guaita,Guaita,CRY,GKP,a,FALSE,0,137,3.9,3150,0,0,10,42,1,0,0,1,0,111,16,50
129,49413,James,Tomkins,Tomkins,CRY,DEF,i,FALSE,0,48,2.7,1582,1,1,3,23,0,0,0,5,0,0,4,45
130,50471,James,McArthur,McArthur,CRY,MID,a,FALSE,0,92,2.5,3091,0,4,11,38,0,0,0,6,0,0,2,55
131,50472,James,McCarthy,McCarthy,CRY,MID,a,FALSE,0,41,1.2,1668,0,0,2,29,0,0,0,9,0,0,0,45
132,54861,Christian,Benteke,Benteke,CRY,FWD,i,FALSE,0,42,1.8,1252,2,1,5,18,0,0,0,4,1,0,1,55
133,55037,Cheikhou,Kouyaté,Kouyaté,CRY,MID,a,FALSE,0,85,2.4,2524,1,2,10,36,0,0,0,4,0,0,4,50
134,55494,Joel,Ward,Ward,CRY,DEF,a,FALSE,0,77,2.7,2380,0,1,7,36,0,0,0,4,0,0,8,45
135,58786,Martin,Kelly,Kelly,CRY,DEF,a,FALSE,0,64,3.4,1547,0,1,6,16,0,0,0,0,0,0,4,45
136,59125,Connor,Wickham,Wickham,CRY,FWD,i,FALSE,0,15,2.5,90,1,1,0,2,0,0,0,0,0,0,2,45
137,60252,Andros,Townsend,Townsend,CRY,MID,a,FALSE,0,48,2,1284,1,1,3,23,0,0,0,0,0,0,0,60
138,66975,Luka,Milivojevic,Milivojevic,CRY,MID,a,FALSE,0,81,2.6,2510,3,1,7,38,0,0,0,12,0,0,9,60
139,74230,Patrick,van Aanholt,van Aanholt,CRY,DEF,i,FALSE,0,109,3.8,2507,3,2,8,38,1,0,0,0,0,0,12,55
140,80146,Jordan,Ayew,Ayew,CRY,FWD,a,FALSE,0,132,3.6,3148,9,3,12,45,0,0,0,6,0,0,19,60
141,82403,Wilfried,Zaha,Zaha,CRY,MID,a,FALSE,0,120,3.2,3279,4,6,9,46,0,0,0,5,0,0,4,70
142,86417,Jeffrey,Schlupp,Schlupp,CRY,MID,a,FALSE,0,51,3,1030,3,1,4,16,0,0,0,2,0,0,4,55
143,141020,Max,Meyer,Meyer,CRY,MID,a,FALSE,0,23,1.4,645,0,0,1,11,0,0,0,1,0,0,0,50
144,173954,Jairo,Riedewald,Riedewald,CRY,MID,a,FALSE,0,22,1.3,761,0,0,0,9,0,0,0,0,0,0,0,45
145,232423,Nathan,Ferguson,Ferguson,CRY,DEF,i,FALSE,0,0,0,0,0,0,0,0,0,0,0,0,0,0,0,40
146,244723,Tyrick,Mitchell,Mitchell,CRY,DEF,a,FALSE,0,4,1,193,0,0,0,4,0,0,0,1,0,0,0,40
147,466955,Brandon,Pierrick,Pierrick,CRY,MID,a,FALSE,0,2,1,13,0,0,0,0,0,0,0,0,0,0,0,45
486,19188,Scott,Dann,Dann,CRY,DEF,a,FALSE,0,51,3.2,1264,0,1,5,14,0,0,0,0,0,0,3,45
489,232413,Eberechi,Eze,Eze,CRY,MID,d,FALSE,0,0,0,0,0,0,0,0,0,0,0,0,0,0,0,60
522,221272,Sam,Woods,Woods,CRY,DEF,a,FALSE,0,0,0,0,0,0,0,0,0,0,0,0,0,0,0,40
534,114536,Ryan,Inniss,Inniss,CRY,DEF,a,FALSE,0,0,0,0,0,0,0,0,0,0,0,0,0,0,0,40
148,20467,Theo,Walcott,Walcott,EVE,MID,a,FALSE,0,63,2.5,1281,2,4,4,19,0,0,0,1,0,0,1,60
149,41823,Fabian,Delph,Delph,EVE,MID,d,FALSE,0,24,1.5,1187,0,0,2,24,0,0,0,3,1,0,2,50
150,55422,Gylfi,Sigurdsson,Sigurdsson,EVE,MID,a,FALSE,0,95,2.7,2555,2,4,6,45,0,0,0,3,0,0,7,70
151,57513,Jonas,Lössl,Lössl,EVE,GKP,a,FALSE,0,0,0,0,0,0,0,0,0,0,0,0,0,0,0,45
152,59949,Seamus,Coleman,Coleman,EVE,DEF,a,FALSE,0,55,2,1833,0,1,5,29,0,0,0,3,1,0,2,50
153,66838,Cenk,Tosun,Tosun,EVE,FWD,i,FALSE,0,24,2.4,462,2,0,2,6,0,0,0,0,0,0,1,60
154,100649,Bernard,Anício Caldeira Duarte,Bernard,EVE,MID,a,FALSE,0,72,2.7,1269,3,2,9,12,0,0,0,2,0,0,6,60
155,101188,Lucas,Digne,Digne,EVE,DEF,a,FALSE,0,120,3.4,3031,0,8,9,49,1,0,0,6,0,0,16,60
156,106611,Michael,Keane,Keane,EVE,DEF,a,FALSE,0,90,2.9,2556,2,0,7,42,1,0,0,3,0,0,9,50
157,111234,Jordan,Pickford,Pickford,EVE,GKP,a,FALSE,0,117,3.1,3420,0,0,9,56,0,0,0,2,0,94,5,50
158,120250,André Filipe,Tavares Gomes,André Gomes,EVE,MID,a,FALSE,0,39,2.1,1457,0,1,5,20,0,0,0,6,0,0,3,55
159,153133,Alex,Iwobi,Iwobi,EVE,MID,a,FALSE,0,52,2.1,1591,1,0,4,30,0,0,0,0,0,0,2,60
160,153673,Jonjoe,Kenny,Kenny,EVE,DEF,a,FALSE,0,0,0,0,0,0,0,0,0,0,0,0,0,0,0,45
161,160987,Jean-Philippe,Gbamin,Gbamin,EVE,MID,i,FALSE,0,4,2,135,0,0,1,0,0,0,0,0,0,0,0,50
162,164511,Yerry,Mina,Mina,EVE,DEF,a,FALSE,0,78,2.7,2281,2,1,5,37,1,0,0,3,0,0,8,55
163,173807,Tom,Davies,Davies,EVE,MID,a,FALSE,0,59,2,2020,1,1,5,34,0,0,0,8,0,0,3,55
164,177815,Dominic,Calvert-Lewin,Calvert-Lewin,EVE,FWD,a,FALSE,0,126,3.5,2621,13,1,8,43,0,0,0,9,0,0,15,70
165,194164,Mason,Holgate,Holgate,EVE,DEF,d,FALSE,0,71,2.6,2052,0,4,5,34,0,0,0,5,0,0,6,50
166,212319,Richarlison,de Andrade,Richarlison,EVE,FWD,a,FALSE,0,165,4.6,3070,13,5,9,51,0,0,0,8,0,0,13,80
167,222627,João,Virgínia,Virgínia,EVE,GKP,a,FALSE,0,0,0,0,0,0,0,0,0,0,0,0,0,0,0,45
168,232826,Anthony,Gordon,Gordon,EVE,MID,a,FALSE,0,17,1.5,436,0,1,0,6,0,0,0,0,0,0,1,45
169,242058,Moise,Kean,Kean,EVE,FWD,a,FALSE,0,53,1.8,830,2,2,1,15,0,0,0,1,0,0,5,60
170,480455,Jarrad,Branthwaite,Branthwaite,EVE,DEF,a,FALSE,0,11,2.8,299,0,0,1,6,0,0,0,0,0,0,2,40
502,119765,Allan,Marques Loureiro,Allan,EVE,MID,a,FALSE,0,0,0,0,0,0,0,0,0,0,0,0,0,0,0,55
508,60025,James,Rodríguez,Rodríguez,EVE,MID,a,FALSE,0,0,0,0,0,0,0,0,0,0,0,0,0,0,0,75
512,121599,Abdoulaye,Doucouré,Doucouré,EVE,MID,a,FALSE,0,113,3.1,3156,4,4,10,61,1,0,0,9,0,0,9,55
171,40559,Fabricio,Agosto Ramírez,Fabri,FUL,GKP,a,FALSE,0,0,0,0,0,0,0,0,0,0,0,0,0,0,0,40
172,55038,Kevin,McDonald,McDonald,FUL,MID,a,FALSE,0,0,0,0,0,0,0,0,0,0,0,0,0,0,0,50
173,61739,Maxime,Le Marchand,Le Marchand,FUL,DEF,a,FALSE,0,0,0,0,0,0,0,0,0,0,0,0,0,0,0,45
174,61916,Stefan,Johansen,Johansen,FUL,MID,a,FALSE,0,0,0,0,0,0,0,0,0,0,0,0,0,0,0,50
175,76357,Tom,Cairney,Cairney,FUL,MID,a,FALSE,0,0,0,0,0,0,0,0,0,0,0,0,0,0,0,55
176,82514,Tim,Ream,Ream,FUL,DEF,a,FALSE,0,0,0,0,0,0,0,0,0,0,0,0,0,0,0,45
177,83543,Anthony,Knockaert,Knockaert,FUL,MID,a,FALSE,0,0,0,0,0,0,0,0,0,0,0,0,0,0,0,55
178,84915,Michael,Hector,Hector,FUL,DEF,a,FALSE,0,0,0,0,0,0,0,0,0,0,0,0,0,0,0,45
179,87107,Cyrus,Christie,Christie,FUL,DEF,a,FALSE,0,0,0,0,0,0,0,0,0,0,0,0,0,0,0,45
180,92259,Neeskens,Kebano,Kebano,FUL,MID,a,FALSE,0,0,0,0,0,0,0,0,0,0,0,0,0,0,0,50
181,96994,Bobby,Decordova-Reid,Decordova-Reid,FUL,FWD,a,FALSE,0,0,0,0,0,0,0,0,0,0,0,0,0,0,0,55
182,101105,Joe,Bryan,Bryan,FUL,DEF,a,FALSE,0,0,0,0,0,0,0,0,0,0,0,0,0,0,0,50
183,122074,Marcus,Bettinelli,Bettinelli,FUL,GKP,n,FALSE,0,0,0,0,0,0,0,0,0,0,0,0,0,0,0,45
184,128389,Aleksandar,Mitrović,Mitrović,FUL,FWD,a,FALSE,0,0,0,0,0,0,0,0,0,0,0,0,0,0,0,60
185,149266,Alfie,Mawson,Mawson,FUL,DEF,n,FALSE,0,0,0,0,0,0,0,0,0,0,0,0,0,0,0,45
186,155529,Marek,Rodák,Rodák,FUL,GKP,a,FALSE,0,0,0,0,0,0,0,0,0,0,0,0,0,0,0,45
187,166324,Ivan Ricardo,Neves Abreu Cavaleiro,Cavaleiro,FUL,MID,a,FALSE,0,0,0,0,0,0,0,0,0,0,0,0,0,0,0,55
188,168765,Josh,Onomah,Onomah,FUL,MID,a,FALSE,0,0,0,0,0,0,0,0,0,0,0,0,0,0,0,50
189,170271,Jean Michaël,Seri,Seri,FUL,MID,a,FALSE,0,0,0,0,0,0,0,0,0,0,0,0,0,0,0,50
190,197030,Aboubakar,Kamara,Kamara,FUL,MID,a,FALSE,0,0,0,0,0,0,0,0,0,0,0,0,0,0,0,50
191,203325,André-Frank,Zambo Anguissa,Anguissa,FUL,MID,a,FALSE,0,0,0,0,0,0,0,0,0,0,0,0,0,0,0,45
192,208998,Zeze Steven,Sessegnon,Sessegnon,FUL,DEF,n,FALSE,0,0,0,0,0,0,0,0,0,0,0,0,0,0,0,45
373,153366,Harrison,Reed,Reed,FUL,MID,a,FALSE,0,0,0,0,0,0,0,0,0,0,0,0,0,0,0,45
484,169528,Antonee,Robinson,Robinson,FUL,DEF,a,FALSE,0,0,0,0,0,0,0,0,0,0,0,0,0,0,0,45
493,151086,Mario,Lemina,Lemina,FUL,MID,a,FALSE,0,0,0,0,0,0,0,0,0,0,0,0,0,0,0,45
516,84182,Alphonse,Areola,Areola,FUL,GKP,a,FALSE,0,0,0,0,0,0,0,0,0,0,0,0,0,0,0,45
517,167074,Kenny,Tete,Tete,FUL,DEF,a,FALSE,0,0,0,0,0,0,0,0,0,0,0,0,0,0,0,45
525,72681,Denis,Odoi,Odoi,FUL,DEF,a,FALSE,0,0,0,0,0,0,0,0,0,0,0,0,0,0,0,45
557,219352,Ademola,Lookman,Lookman,FUL,MID,a,FALSE,0,0,0,0,0,0,0,0,0,0,0,0,0,0,0,50
216,15033,Wes,Morgan,Morgan,LEI,DEF,d,FALSE,0,19,1.7,430,0,0,1,6,0,0,0,0,0,0,2,45
217,17745,Kasper,Schmeichel,Schmeichel,LEI,GKP,a,FALSE,0,156,4.1,3420,0,0,13,41,0,2,0,2,0,97,10,55
218,37402,Christian,Fuchs,Fuchs,LEI,DEF,i,FALSE,0,26,2.4,770,0,0,2,10,0,0,0,0,0,0,2,45
219,37642,Jonny,Evans,Evans,LEI,DEF,s,FALSE,0,128,3.4,3384,1,2,13,41,1,0,0,7,1,0,12,55
220,46483,Adrien,Silva,Silva,LEI,MID,a,FALSE,0,0,0,0,0,0,0,0,0,0,0,0,0,0,0,45
221,51938,Marc,Albrighton,Albrighton,LEI,MID,a,FALSE,0,38,1.9,857,0,3,3,11,0,0,0,2,0,0,1,55
222,61604,Matty,James,James,LEI,MID,a,FALSE,0,1,1,5,0,0,0,0,0,0,0,0,0,0,0,45
223,95463,Danny,Ward,Ward,LEI,GKP,a,FALSE,0,0,0,0,0,0,0,0,0,0,0,0,0,0,0,45
224,101668,Jamie,Vardy,Vardy,LEI,FWD,a,FALSE,0,210,6,3032,23,7,11,38,0,0,1,3,0,0,34,100
225,106837,Dennis,Praet,Praet,LEI,MID,a,FALSE,0,54,2,1122,1,3,2,17,0,0,0,2,0,0,3,55
226,111931,Ricardo Domingos,Barbosa Pereira,Pereira,LEI,DEF,i,FALSE,0,123,4.4,2520,3,2,10,27,0,0,0,1,0,0,11,60
227,155569,Daniel,Amartey,Amartey,LEI,DEF,a,FALSE,0,0,0,0,0,0,0,0,0,0,0,0,0,0,0,40
228,166989,Youri,Tielemans,Tielemans,LEI,MID,a,FALSE,0,117,3.2,2823,3,6,12,35,0,0,0,2,0,0,5,65
229,168580,Ayoze,Pérez,Pérez,LEI,MID,a,FALSE,0,129,3.9,1998,8,5,9,25,0,0,0,0,0,0,9,65
230,172632,Demarai,Gray,Gray,LEI,MID,a,FALSE,0,44,2.1,605,2,4,1,6,0,0,1,1,0,0,0,55
231,172780,James,Maddison,Maddison,LEI,MID,d,FALSE,0,125,4,2624,6,5,10,26,0,0,0,4,0,0,14,70
233,173515,Kelechi,Iheanacho,Iheanacho,LEI,FWD,a,FALSE,0,64,3.2,953,5,4,3,9,0,0,0,1,0,0,7,60
234,197469,Hamza,Choudhury,Choudhury,LEI,MID,a,FALSE,0,35,1.8,883,1,1,3,12,0,0,0,2,1,0,0,50
235,201666,Harvey,Barnes,Barnes,LEI,MID,a,FALSE,0,133,3.7,2075,6,10,9,24,0,0,0,0,0,0,9,70
236,203341,Wilfred,Ndidi,Ndidi,LEI,MID,a,FALSE,0,85,2.7,2671,2,1,12,32,0,0,0,6,0,0,5,50
237,213405,Filip,Benkovic,Benkovic,LEI,DEF,a,FALSE,0,0,0,0,0,0,0,0,0,0,0,0,0,0,0,45
238,218031,Çaglar,Söyüncü,Söyüncü,LEI,DEF,a,FALSE,0,120,3.5,3036,1,1,12,35,0,0,0,4,1,0,12,55
239,220627,James,Justin,Justin,LEI,DEF,a,FALSE,0,35,2.7,1010,0,1,4,14,1,0,0,1,0,0,0,45
240,244619,Luke,Thomas,Thomas,LEI,DEF,a,FALSE,0,15,5,267,0,1,1,4,0,0,0,0,0,0,3,45
498,166477,Timothy,Castagne,Castagne,LEI,DEF,a,FALSE,0,0,0,0,0,0,0,0,0,0,0,0,0,0,0,55
518,86881,Nampalys,Mendy,Mendy,LEI,MID,a,FALSE,0,0,0,0,0,0,0,0,0,0,0,0,0,0,0,45
541,228798,Cengiz,Ünder,Ünder,LEI,MID,a,FALSE,0,0,0,0,0,0,0,0,0,0,0,0,0,0,0,60
193,28690,Pablo,Hernández Domínguez,Hernández,LEE,MID,a,FALSE,0,0,0,0,0,0,0,0,0,0,0,0,0,0,0,60
194,39790,Francisco,Casilla Cortés,Casilla,LEE,GKP,a,FALSE,0,0,0,0,0,0,0,0,0,0,0,0,0,0,0,45
195,55914,Liam,Cooper,Cooper,LEE,DEF,a,FALSE,0,0,0,0,0,0,0,0,0,0,0,0,0,0,0,45
196,57913,Barry,Douglas,Douglas,LEE,DEF,a,FALSE,0,0,0,0,0,0,0,0,0,0,0,0,0,0,0,40
197,66588,Luke,Ayling,Ayling,LEE,DEF,a,FALSE,0,0,0,0,0,0,0,0,0,0,0,0,0,0,0,45
198,72222,Mateusz,Klich,Klich,LEE,MID,a,FALSE,0,0,0,0,0,0,0,0,0,0,0,0,0,0,0,55
199,80179,Adam,Forshaw,Forshaw,LEE,MID,i,FALSE,0,0,0,0,0,0,0,0,0,0,0,0,0,0,0,50
200,87873,Stuart,Dallas,Dallas,LEE,DEF,a,FALSE,0,0,0,0,0,0,0,0,0,0,0,0,0,0,0,45
201,105377,Ezgjan,Alioski,Alioski,LEE,DEF,a,FALSE,0,0,0,0,0,0,0,0,0,0,0,0,0,0,0,45
202,106617,Patrick,Bamford,Bamford,LEE,FWD,a,FALSE,0,0,0,0,0,0,0,0,0,0,0,0,0,0,0,55
203,221399,Jack,Harrison,Harrison,LEE,MID,a,FALSE,0,0,0,0,0,0,0,0,0,0,0,0,0,0,0,55
204,155405,Kalvin,Phillips,Phillips,LEE,MID,a,FALSE,0,0,0,0,0,0,0,0,0,0,0,0,0,0,0,50
205,165808,Hélder Wander,Sousa de Azevedo e Costa,Costa,LEE,MID,a,FALSE,0,0,0,0,0,0,0,0,0,0,0,0,0,0,0,55
206,173821,Tyler,Roberts,Roberts,LEE,MID,a,FALSE,0,0,0,0,0,0,0,0,0,0,0,0,0,0,0,50
207,204642,Jay-Roy,Grot,Grot,LEE,MID,a,FALSE,0,0,0,0,0,0,0,0,0,0,0,0,0,0,0,50
208,214987,Kamil,Miazek,Miazek,LEE,GKP,a,FALSE,0,0,0,0,0,0,0,0,0,0,0,0,0,0,0,40
209,215460,Ian Carlo,Poveda-Ocampo,Poveda-Ocampo,LEE,MID,a,FALSE,0,0,0,0,0,0,0,0,0,0,0,0,0,0,0,45
210,221610,Jamie,Shackleton,Shackleton,LEE,MID,a,FALSE,0,0,0,0,0,0,0,0,0,0,0,0,0,0,0,50
211,222694,Pascal,Struijk,Struijk,LEE,DEF,a,FALSE,0,0,0,0,0,0,0,0,0,0,0,0,0,0,0,40
212,434138,Jordan,Stevens,Stevens,LEE,MID,a,FALSE,0,0,0,0,0,0,0,0,0,0,0,0,0,0,0,45
213,437495,Illan,Meslier,Meslier,LEE,GKP,a,FALSE,0,0,0,0,0,0,0,0,0,0,0,0,0,0,0,45
214,455084,Leif,Davis,Davis,LEE,DEF,a,FALSE,0,0,0,0,0,0,0,0,0,0,0,0,0,0,0,40
215,467114,Oliver,Casey,Casey,LEE,DEF,a,FALSE,0,0,0,0,0,0,0,0,0,0,0,0,0,0,0,40
491,193645,Robin,Koch,Koch,LEE,DEF,a,FALSE,0,0,0,0,0,0,0,0,0,0,0,0,0,0,0,45
492,80954,Rodrigo,Moreno,Rodrigo,LEE,FWD,a,FALSE,0,0,0,0,0,0,0,0,0,0,0,0,0,0,0,60
532,463912,Elia,Caprile,Caprile,LEE,GKP,a,FALSE,0,0,0,0,0,0,0,0,0,0,0,0,0,0,0,40
533,480216,Mateusz,Bogusz,Bogusz,LEE,MID,a,FALSE,0,0,0,0,0,0,0,0,0,0,0,0,0,0,0,45
549,149915,Diego,Llorente,Llorente,LEE,DEF,a,FALSE,0,0,0,0,0,0,0,0,0,0,0,0,0,0,0,45
241,15157,James,Milner,Milner,LIV,MID,a,FALSE,0,49,2.2,924,2,2,4,9,0,0,0,4,0,0,3,55
242,214285,Konstantinos,Tsimikas,Tsimikas,LIV,DEF,d,FALSE,0,0,0,0,0,0,0,0,0,0,0,0,0,0,0,50
243,41733,Georginio,Wijnaldum,Wijnaldum,LIV,MID,a,FALSE,0,107,2.9,2933,4,0,12,28,0,0,0,0,0,0,5,55
244,56979,Jordan,Henderson,Henderson,LIV,MID,a,FALSE,0,116,3.9,2234,4,5,16,14,0,0,0,2,0,0,11,55
245,60706,Adrián,San Miguel del Castillo,Adrián,LIV,GKP,a,FALSE,0,27,2.5,873,0,0,2,10,0,0,0,1,0,18,0,45
246,60914,Joel,Matip,Matip,LIV,DEF,a,FALSE,0,39,4.3,703,1,0,3,5,0,0,0,0,0,0,4,55
247,68312,Xherdan,Shaqiri,Shaqiri,LIV,MID,a,FALSE,0,15,2.1,181,1,0,1,2,0,0,0,0,0,0,0,65
248,81880,Alex,Oxlade-Chamberlain,Chamberlain,LIV,MID,d,FALSE,0,76,2.5,1475,4,1,8,12,1,0,0,1,0,0,2,65
249,92217,Roberto,Firmino,Firmino,LIV,FWD,a,FALSE,0,155,4.1,2985,9,9,16,26,0,0,0,0,0,0,20,95
250,97032,Virgil,van Dijk,van Dijk,LIV,DEF,a,FALSE,0,178,4.7,3420,5,2,15,33,0,0,0,1,0,0,14,65
251,110979,Sadio,Mané,Mané,LIV,MID,a,FALSE,0,221,6.3,2745,18,10,12,28,0,0,0,3,0,0,27,120
252,116535,Alisson,Ramses Becker,Alisson,LIV,GKP,a,FALSE,0,122,4.2,2543,0,1,13,24,0,0,0,0,1,58,11,60
253,116643,Fabio Henrique,Tavares,Fabinho,LIV,MID,a,FALSE,0,77,2.8,2073,2,3,6,26,0,0,0,6,0,0,8,55
254,118748,Mohamed,Salah,Salah,LIV,MID,a,FALSE,0,233,6.9,2879,19,10,16,26,0,0,0,1,0,0,26,120
255,122798,Andrew,Robertson,Robertson,LIV,DEF,a,FALSE,0,181,5,3111,2,12,13,31,0,0,0,2,0,0,20,70
256,152760,Divock,Origi,Origi,LIV,FWD,a,FALSE,0,65,2.3,699,4,3,2,12,0,0,0,1,0,0,8,55
257,153682,Harry,Wilson,Harry Wilson,LIV,MID,a,FALSE,0,91,2.9,1637,7,1,2,32,0,0,0,2,0,0,7,55
258,157882,Takumi,Minamino,Minamino,LIV,MID,a,FALSE,0,11,1.1,241,0,0,0,2,0,0,0,0,0,0,0,65
259,169187,Trent,Alexander-Arnold,Alexander-Arnold,LIV,DEF,a,FALSE,0,210,5.5,3173,4,15,14,32,0,0,0,5,0,0,24,75
260,171287,Joseph,Gomez,Gomez,LIV,DEF,a,FALSE,0,93,3.3,1999,0,0,12,16,0,0,0,7,0,0,7,55
261,175592,Naby,Keita,Keita,LIV,MID,a,FALSE,0,52,2.9,806,2,3,5,8,0,0,0,1,0,0,3,55
262,195473,Rhian,Brewster,Brewster,LIV,FWD,a,FALSE,0,0,0,0,0,0,0,0,0,0,0,0,0,0,0,45
263,206915,Curtis,Jones,Jones,LIV,MID,a,FALSE,0,13,2.2,121,1,0,1,1,0,0,0,0,0,0,0,45
264,215136,Neco,Williams,Williams,LIV,DEF,a,FALSE,0,14,2.3,228,0,0,1,2,0,0,0,1,0,0,3,40
265,444884,Harvey,Elliott,Elliott,LIV,MID,a,FALSE,0,2,1,7,0,0,0,0,0,0,0,0,0,0,0,45
468,194634,Diogo,Jota,Jota,LIV,MID,a,FALSE,0,105,3.1,2278,7,3,10,28,0,0,0,4,0,0,12,65
531,61558,Thiago,Alcántara do Nascimento,Thiago,LIV,MID,a,FALSE,1,1,1,45,0,0,0,0,0,0,0,0,0,0,0,60
266,27789,Fernando,Luiz Rosa,Fernandinho,MCI,DEF,a,FALSE,0,55,1.8,2394,0,1,10,27,1,0,0,7,2,0,1,55
267,33148,Claudio,Bravo,Bravo,MCI,GKP,u,FALSE,0,11,2.8,346,0,0,1,7,0,0,0,0,0,8,0,45
268,37572,Sergio,Agüero,Agüero,MCI,FWD,a,FALSE,0,132,5.5,1449,16,6,5,18,0,0,1,1,0,0,14,105
269,57410,Nicolás,Otamendi,Otamendi,MCI,DEF,a,FALSE,0,82,3.4,1710,2,1,7,21,0,0,0,3,0,0,6,50
270,58621,Kyle,Walker,Walker,MCI,DEF,a,FALSE,0,114,3.9,2392,1,4,12,24,0,0,0,5,0,0,7,60
271,59859,Ilkay,Gündogan,Gündogan,MCI,MID,a,FALSE,0,65,2.1,2012,2,1,7,28,0,0,1,7,0,0,4,55
272,61366,Kevin,De Bruyne,De Bruyne,MCI,MID,a,FALSE,0,251,7.2,2790,13,23,18,22,0,0,0,3,0,0,35,115
273,97299,John,Stones,Stones,MCI,DEF,a,FALSE,0,34,2.1,1118,0,0,3,16,0,0,0,0,0,0,0,50
274,102826,Benjamin,Mendy,Mendy,MCI,DEF,a,FALSE,0,74,3.9,1491,0,2,9,13,0,0,0,3,0,0,3,60
275,103025,Riyad,Mahrez,Mahrez,MCI,MID,a,FALSE,0,175,5.3,1934,11,14,10,15,0,0,0,0,0,0,17,85
276,103955,Raheem,Sterling,Sterling,MCI,MID,a,FALSE,0,204,6.2,2651,20,6,13,31,0,0,2,5,0,0,20,115
277,121145,João Pedro Cavaco,Cancelo,Cancelo,MCI,DEF,a,FALSE,0,45,2.6,1205,0,0,5,11,0,0,0,4,0,0,3,55
278,121160,Ederson,Santana de Moraes,Ederson,MCI,GKP,a,FALSE,0,133,3.8,3071,0,0,16,31,0,0,0,3,1,68,2,60
279,126184,Nathan,Aké,Aké,MCI,DEF,a,FALSE,0,79,2.7,2503,2,2,4,46,0,0,0,2,0,0,6,55
280,146941,Aymeric,Laporte,Laporte,MCI,DEF,a,FALSE,0,63,4.2,1096,1,0,8,5,0,0,0,1,0,0,0,60
281,165809,Bernardo Mota,Veiga de Carvalho e Silva,Bernardo Silva,MCI,MID,d,FALSE,0,116,3.4,2021,6,7,9,24,0,0,0,5,0,0,7,75
282,205651,Gabriel Fernando,de Jesus,Jesus,MCI,FWD,a,FALSE,0,146,4.3,2018,14,8,12,14,0,0,1,3,0,0,17,95
283,206325,Oleksandr,Zinchenko,Zinchenko,MCI,DEF,a,FALSE,0,49,2.6,1271,0,0,6,15,0,0,0,0,1,0,1,55
284,209244,Phil,Foden,Foden,MCI,MID,a,FALSE,0,69,3,888,5,2,4,7,0,0,0,0,0,0,4,65
285,220394,Tommy,Doyle,Doyle,MCI,MID,a,FALSE,0,1,1,15,0,0,0,0,0,0,0,0,0,0,0,45
286,220566,Rodrigo,Hernandez,Rodrigo,MCI,MID,a,FALSE,0,92,2.6,2480,3,2,14,27,0,0,0,8,0,0,5,55
287,224444,Ferran,Torres,Torres,MCI,MID,a,FALSE,0,0,0,0,0,0,0,0,0,0,0,0,0,0,0,70
288,432656,Eric,Garcia,Garcia,MCI,DEF,a,FALSE,0,38,2.9,790,0,0,5,7,0,0,0,1,0,0,0,50
537,449926,Adrián,Bernabé,Bernabé,MCI,MID,a,FALSE,0,0,0,0,0,0,0,0,0,0,0,0,0,0,0,45
538,164484,Zack,Steffen,Steffen,MCI,GKP,a,FALSE,0,0,0,0,0,0,0,0,0,0,0,0,0,0,0,45
539,463034,Liam,Delap,Delap,MCI,FWD,a,FALSE,0,0,0,0,0,0,0,0,0,0,0,0,0,0,0,45
552,244851,Cole,Palmer,Palmer,MCI,MID,a,FALSE,0,0,0,0,0,0,0,0,0,0,0,0,0,0,0,45
556,171314,Rúben Santos,Gato Alves Dias,Dias,MCI,DEF,a,FALSE,0,0,0,0,0,0,0,0,0,0,0,0,0,0,0,55
289,42899,Sergio,Romero,Romero,MUN,GKP,a,FALSE,0,0,0,0,0,0,0,0,0,0,0,0,0,0,0,50
290,43670,Juan,Mata,Mata,MUN,MID,a,FALSE,0,38,2,747,0,2,4,8,0,0,0,1,0,0,2,60
291,51940,David,de Gea,de Gea,MUN,GKP,a,FALSE,0,143,3.8,3420,0,0,13,36,0,0,0,2,0,95,8,55
292,55909,Chris,Smalling,Smalling,MUN,DEF,a,FALSE,0,0,0,0,0,0,0,0,0,0,0,0,0,0,0,50
293,58498,Odion,Ighalo,Ighalo,MUN,FWD,a,FALSE,0,11,1,92,0,0,0,0,0,0,0,0,0,0,0,65
294,58893,Marcos,Rojo,Rojo,MUN,DEF,a,FALSE,0,3,1,121,0,0,0,2,0,0,0,1,0,0,0,50
295,62398,Nemanja,Matic,Matic,MUN,MID,a,FALSE,0,55,2.6,1578,0,2,10,13,0,0,0,2,0,0,2,50
296,74208,Paul,Pogba,Pogba,MUN,MID,a,FALSE,0,51,3.2,1202,1,4,6,9,0,0,1,1,0,0,2,80
297,76359,Phil,Jones,Jones,MUN,DEF,a,FALSE,0,2,1,135,0,0,0,3,0,0,0,0,0,0,0,50
298,95658,Harry,Maguire,Maguire,MUN,DEF,a,FALSE,0,123,3.2,3420,1,0,13,36,0,0,0,6,0,0,5,55
299,101582,Frederico,Rodrigues de Paula Santos,Fred,MUN,MID,a,FALSE,0,50,1.7,2157,0,0,6,26,0,0,0,8,0,0,0,55
300,106760,Luke,Shaw,Shaw,MUN,DEF,a,FALSE,0,67,2.8,1730,0,0,8,15,0,0,0,7,0,0,2,50
301,109322,Jesse,Lingard,Lingard,MUN,MID,a,FALSE,0,32,1.5,923,1,0,1,14,0,0,0,3,0,0,0,60
302,141746,Bruno Miguel,Borges Fernandes,Fernandes,MUN,MID,a,FALSE,0,117,8.4,1187,8,8,9,6,0,0,0,2,0,0,18,105
303,148225,Anthony,Martial,Martial,MUN,FWD,a,FALSE,0,200,6.2,2625,17,9,14,27,0,0,1,1,0,0,14,90
304,156689,Andreas,Pereira,Pereira,MUN,MID,a,FALSE,0,60,2.4,1478,1,3,6,16,0,0,0,3,0,0,1,50
305,172649,Dean,Henderson,Henderson,MUN,GKP,a,FALSE,0,160,4.4,3240,0,1,13,33,0,1,0,2,0,97,16,55
306,176297,Marcus,Rashford,Rashford,MUN,MID,a,FALSE,0,177,5.7,2645,17,8,9,29,0,0,2,3,0,0,31,95
307,180804,Axel,Tuanzebe,Tuanzebe,MUN,DEF,a,FALSE,0,7,1.4,187,0,0,0,3,0,0,0,0,0,0,0,45
308,184667,Victor,Lindelöf,Lindelöf,MUN,DEF,a,FALSE,0,116,3.3,3092,1,0,12,32,1,0,0,6,0,0,9,50
309,195851,Scott,McTominay,McTominay,MUN,MID,a,FALSE,0,74,2.7,1765,3,2,3,20,0,0,0,2,0,0,6,50
310,197365,Eric,Bailly,Bailly,MUN,DEF,a,FALSE,0,9,2.2,148,0,0,1,1,0,0,0,0,0,0,0,50
311,200617,Daniel,James,James,MUN,MID,a,FALSE,0,95,2.9,2281,3,6,7,29,0,0,0,4,0,0,2,65
312,201084,Timothy,Fosu-Mensah,Fosu-Mensah,MUN,DEF,a,FALSE,0,7,2.3,136,0,0,1,1,0,0,0,1,0,0,0,45
313,214590,Aaron,Wan-Bissaka,Wan-Bissaka,MUN,DEF,a,FALSE,0,127,3.6,3070,0,4,12,33,0,0,0,8,0,0,16,55
314,216051,José Diogo,Dalot Teixeira,Dalot,MUN,DEF,a,FALSE,0,4,1,65,0,0,0,1,0,0,0,0,0,0,0,50
315,220688,Mason,Greenwood,Greenwood,MUN,MID,a,FALSE,0,103,3.3,1303,10,1,6,13,0,0,0,0,0,0,17,75
316,222677,Tahith,Chong,Chong,MUN,MID,n,FALSE,0,3,1,34,0,0,0,0,0,0,0,0,0,0,0,45
317,232928,James,Garner,Garner,MUN,MID,a,FALSE,0,1,1,8,0,0,0,1,0,0,0,0,0,0,0,45
318,232937,Brandon,Williams,Williams,MUN,DEF,a,FALSE,0,51,3,1003,1,1,5,11,0,0,0,6,0,0,3,45
319,244856,Teden,Mengi,Mengi,MUN,DEF,a,FALSE,0,0,0,0,0,0,0,0,0,0,0,0,0,0,0,40
495,180184,Donny,van de Beek,van de Beek,MUN,MID,a,FALSE,0,0,0,0,0,0,0,0,0,0,0,0,0,0,0,70
320,40142,Andy,Carroll,Carroll,NEW,FWD,a,FALSE,0,34,1.8,617,0,4,2,10,0,0,0,1,0,0,0,55
321,50232,Jonjo,Shelvey,Shelvey,NEW,MID,d,FALSE,0,105,4,2118,6,2,8,34,0,0,0,3,0,0,15,55
322,56983,Matt,Ritchie,Ritchie,NEW,MID,d,FALSE,0,74,4.1,1312,2,1,8,19,0,0,1,4,0,0,7,50
323,57145,Federico,Fernández,Fernández,NEW,DEF,a,FALSE,0,102,3.2,2617,2,3,8,42,1,0,0,8,0,0,13,50
324,58845,Ciaran,Clark,Clark,NEW,DEF,d,FALSE,0,49,3.5,1186,2,0,4,14,0,0,0,3,0,0,2,45
325,59735,Karl,Darlow,Darlow,NEW,GKP,a,FALSE,0,0,0,0,0,0,0,0,0,0,0,0,0,0,0,50
326,67089,Martin,Dubravka,Dubravka,NEW,GKP,i,FALSE,0,143,3.8,3420,0,0,11,58,0,0,0,0,0,139,7,50
327,77359,Florian,Lejeune,Lejeune,NEW,DEF,a,FALSE,0,24,4,440,2,0,1,10,0,0,0,0,0,0,1,45
328,101148,Jamaal,Lascelles,Lascelles,NEW,DEF,a,FALSE,0,73,3,2076,1,0,8,31,0,0,0,5,0,0,3,45
329,104547,Dwight,Gayle,Gayle,NEW,FWD,i,FALSE,0,58,2.9,842,4,2,4,15,0,0,0,2,0,0,10,60
330,104953,Christian,Atsu,Atsu,NEW,MID,a,FALSE,0,37,1.9,738,0,3,3,15,0,0,0,2,0,0,0,55
331,106618,Paul,Dummett,Dummett,NEW,DEF,d,FALSE,0,44,2.8,1227,0,0,5,20,1,0,0,2,0,0,4,45
332,109528,Javier,Manquillo,Manquillo,NEW,DEF,a,FALSE,0,65,3.1,1597,0,1,8,21,0,0,0,5,0,0,4,45
333,111773,Emil,Krafth,Krafth,NEW,DEF,a,FALSE,0,37,2.2,1015,0,1,3,23,0,0,0,0,0,0,2,45
334,119471,Fabian,Schär,Schär,NEW,DEF,d,FALSE,0,55,2.5,1669,2,1,4,38,0,0,0,5,0,0,2,50
335,151119,DeAndre,Yedlin,Yedlin,NEW,DEF,a,FALSE,0,26,1.6,934,1,0,1,18,0,0,0,3,0,0,0,45
336,153127,Isaac,Hayden,Hayden,NEW,MID,a,FALSE,0,73,2.5,2220,1,4,8,36,0,0,0,4,1,0,3,50
337,155513,Rolando,Aarons,Aarons,NEW,MID,a,FALSE,0,0,0,0,0,0,0,0,0,0,0,0,0,0,0,50
338,170137,Allan,Saint-Maximin,Saint-Maximin,NEW,MID,a,FALSE,0,92,3.5,1860,3,5,8,22,0,0,0,0,0,0,7,55
339,179018,Miguel,Almirón,Almirón,NEW,MID,a,FALSE,0,109,3,3020,4,2,12,48,0,0,0,5,0,0,5,60
340,180974,Joelinton Cássio,Apolinário de Lira,Joelinton,NEW,FWD,a,FALSE,0,78,2.1,2678,2,2,9,46,0,0,0,7,0,0,3,60
341,196118,Yoshinori,Muto,Muto,NEW,FWD,a,FALSE,0,9,1.1,207,0,0,0,7,0,0,0,0,0,0,0,50
342,232977,Kelland,Watts,Watts,NEW,DEF,n,FALSE,0,1,1,16,0,0,0,1,0,0,0,0,0,0,0,40
480,180135,Sean,Longstaff,Sean Longstaff,NEW,MID,a,FALSE,0,44,1.9,1370,1,2,2,26,0,0,0,2,1,0,0,50
485,83314,Jeff,Hendrick,Hendrick,NEW,MID,a,FALSE,0,67,2.8,1930,2,2,10,30,0,0,0,8,0,0,4,50
487,223175,Matthew,Longstaff,Matty Longstaff,NEW,MID,a,FALSE,0,27,3,572,2,0,1,11,0,0,0,1,0,0,2,50
488,81441,Mark,Gillespie,Gillespie,NEW,GKP,a,FALSE,0,0,0,0,0,0,0,0,0,0,0,0,0,0,0,45
497,114243,Jacob,Murphy,Murphy,NEW,MID,a,FALSE,0,0,0,0,0,0,0,0,0,0,0,0,0,0,0,50
506,75115,Callum,Wilson,Wilson,NEW,FWD,a,FALSE,0,116,3.3,2906,8,6,4,53,0,0,0,9,0,0,8,65
507,90105,Ryan,Fraser,Fraser,NEW,MID,a,FALSE,0,73,2.6,2061,1,5,4,34,0,0,0,2,0,0,2,60
513,194799,Jamal,Lewis,Lewis,NEW,DEF,a,FALSE,0,48,1.7,2301,1,0,3,56,0,0,0,4,0,0,3,45
343,18867,Billy,Sharp,Sharp,SHU,FWD,a,FALSE,0,57,2.3,1037,3,2,4,10,0,0,0,1,1,0,9,60
344,27436,David,McGoldrick,McGoldrick,SHU,FWD,a,FALSE,0,65,2.3,1810,2,2,7,18,0,0,0,2,0,0,6,55
345,40386,Chris,Basham,Basham,SHU,DEF,a,FALSE,0,123,3.2,3242,0,1,13,37,0,0,0,4,0,0,6,50
346,47247,John,Fleck,Fleck,SHU,MID,a,FALSE,0,101,3.4,2515,5,2,8,30,0,0,0,8,0,0,13,60
347,63426,Enda,Stevens,Stevens,SHU,DEF,a,FALSE,0,142,3.7,3345,2,4,13,39,0,0,0,7,0,0,8,55
348,74854,Simon,Moore,Moore,SHU,GKP,a,FALSE,0,3,1.5,180,0,0,0,6,0,0,0,0,0,5,0,45
349,79934,Oliver,Norwood,Norwood,SHU,MID,a,FALSE,0,98,2.6,3089,1,3,13,36,0,0,0,8,0,0,6,50
350,82143,Wes,Foderingham,Foderingham,SHU,GKP,a,FALSE,0,0,0,0,0,0,0,0,0,0,0,0,0,0,0,45
351,82691,George,Baldock,Baldock,SHU,DEF,a,FALSE,0,142,3.7,3420,2,4,13,39,0,0,0,7,0,0,7,55
352,83427,Jack,Robinson,Jack Robinson,SHU,DEF,a,FALSE,0,14,2.3,504,0,0,1,11,0,0,0,0,0,0,2,45
353,108416,John,Egan,Egan,SHU,DEF,a,FALSE,0,133,3.7,3187,2,1,13,33,0,0,0,3,1,0,9,50
354,146610,Jack,O'Connell,O'Connell,SHU,DEF,a,FALSE,0,111,3.4,2915,0,1,12,28,0,0,0,4,0,0,6,50
355,153723,John,Lundstram,Lundstram,SHU,MID,a,FALSE,0,144,4.2,2452,5,4,10,29,0,0,0,5,0,0,15,55
356,167878,Ben,Osborn,Osborn,SHU,MID,a,FALSE,0,19,1.5,590,0,0,2,4,0,0,0,0,0,0,0,50
357,169432,Oliver,McBurnie,McBurnie,SHU,FWD,a,FALSE,0,86,2.4,2105,6,1,9,25,0,0,0,4,0,0,6,60
359,178304,Lys,Mousset,Mousset,SHU,FWD,a,FALSE,0,84,2.8,1223,6,4,3,15,0,0,0,1,0,0,11,60
360,207189,Sander,Berge,Berge,SHU,MID,d,FALSE,0,40,2.9,943,1,1,4,11,0,0,0,0,0,0,3,50
424,197937,Oliver,Burke,Burke,SHU,MID,a,FALSE,0,0,0,0,0,0,0,0,0,0,0,0,0,0,0,45
477,49083,Luke,Freeman,Freeman,SHU,MID,n,FALSE,0,13,1.2,360,0,0,1,5,0,0,0,2,0,0,0,50
483,225321,Aaron,Ramsdale,Ramsdale,SHU,GKP,a,FALSE,0,126,3.4,3330,0,1,5,62,0,1,0,0,0,128,13,50
509,199598,Ethan,Ampadu,Ampadu,SHU,DEF,a,FALSE,0,0,0,0,0,0,0,0,0,0,0,0,0,0,0,45
510,226182,Jayden,Bogle,Bogle,SHU,DEF,a,FALSE,0,0,0,0,0,0,0,0,0,0,0,0,0,0,0,45
511,155197,Max,Lowe,Lowe,SHU,DEF,a,FALSE,0,0,0,0,0,0,0,0,0,0,0,0,0,0,0,45
529,7645,Phil,Jagielka,Jagielka,SHU,DEF,a,FALSE,0,0,0,0,0,0,0,0,0,0,0,0,0,0,0,40
361,20452,Shane,Long,Long,SOU,FWD,a,FALSE,0,62,2.4,1386,2,3,5,20,0,0,0,0,0,0,4,55
362,40146,Ryan,Bertrand,Bertrand,SOU,DEF,a,FALSE,0,75,2.3,2742,1,1,7,52,0,0,0,3,1,0,0,50
363,58376,Alex,McCarthy,McCarthy,SOU,GKP,a,FALSE,0,104,3.7,2520,0,0,7,35,0,1,0,0,0,79,8,45
364,78056,Oriol,Romeu Vidal,Oriol Romeu,SOU,MID,a,FALSE,0,51,1.7,1855,0,0,5,38,0,0,0,5,0,0,1,45
365,83283,Nathan,Redmond,Redmond,SOU,MID,a,FALSE,0,107,3.3,2763,4,4,7,51,0,0,0,2,0,0,8,65
366,84939,Danny,Ings,Ings,SOU,FWD,a,FALSE,0,198,5.2,2800,22,2,6,44,0,0,1,3,0,0,40,85
367,88900,Jack,Stephens,Stephens,SOU,DEF,a,FALSE,0,85,3,2451,1,3,7,39,0,0,0,4,1,0,8,50
368,91047,Stuart,Armstrong,Armstrong,SOU,MID,i,FALSE,0,98,3.3,1706,5,4,7,25,0,0,0,4,0,0,10,55
369,93100,Jannik,Vestergaard,Vestergaard,SOU,DEF,a,FALSE,0,51,2.7,1496,1,0,4,26,0,0,0,3,0,0,6,45
370,101178,James,Ward-Prowse,Ward-Prowse,SOU,MID,a,FALSE,0,117,3.1,3420,5,4,9,60,0,0,2,9,0,0,8,60
371,107265,Angus,Gunn,Gunn,SOU,GKP,a,FALSE,0,29,2.9,900,0,0,2,25,0,0,0,0,0,30,3,45
372,128198,Sofiane,Boufal,Boufal,SOU,MID,a,FALSE,0,34,1.7,753,0,3,1,17,0,0,0,2,0,0,0,55
374,153379,Josh,Sims,Sims,SOU,MID,a,FALSE,0,0,0,0,0,0,0,0,0,0,0,0,0,0,0,45
375,158534,Kyle,Walker-Peters,Walker-Peters,SOU,DEF,a,FALSE,0,32,2.5,944,0,1,2,12,0,0,0,1,0,0,2,45
376,171771,Jan,Bednarek,Bednarek,SOU,DEF,a,FALSE,0,84,2.5,3057,1,1,7,57,1,0,0,4,0,0,5,45
377,200439,Che,Adams,Adams,SOU,FWD,a,FALSE,0,78,2.6,1095,4,4,4,17,0,0,0,0,0,0,8,60
378,213482,Yan,Valery,Valery,SOU,DEF,a,FALSE,0,18,1.6,778,0,1,1,20,0,0,0,1,0,0,0,50
379,214466,William,Smallbone,Smallbone,SOU,MID,a,FALSE,0,24,2.7,389,0,2,3,4,0,0,0,0,0,0,1,45
380,214470,Jake,Vokins,Vokins,SOU,DEF,a,FALSE,0,2,2,90,0,0,0,1,0,0,0,0,0,0,0,40
381,220598,Michael,Obafemi,Obafemi,SOU,FWD,a,FALSE,0,45,2.1,655,3,2,3,12,0,0,0,1,0,0,2,50
382,431131,Moussa,Djenepo,Djenepo,SOU,MID,a,FALSE,0,40,2.2,920,2,2,2,14,0,0,0,4,1,0,3,55
479,450527,Mohammed,Salisu,Salisu,SOU,DEF,a,FALSE,0,0,0,0,0,0,0,0,0,0,0,0,0,0,0,45
523,40383,Fraser,Forster,Forster,SOU,GKP,a,FALSE,0,0,0,0,0,0,0,0,0,0,0,0,0,0,0,40
524,203389,Nathan,Tella,Tella,SOU,MID,a,FALSE,0,0,0,0,0,0,0,0,0,0,0,0,0,0,0,45
383,37915,Hugo,Lloris,Lloris,TOT,GKP,a,FALSE,0,98,4.7,1808,0,0,6,21,0,1,0,0,0,80,13,55
384,38290,Danny,Rose,Rose,TOT,DEF,a,FALSE,0,47,2,1753,0,0,5,28,0,0,0,7,0,0,0,50
385,45268,Moussa,Sissoko,Sissoko,TOT,MID,a,FALSE,0,69,2.4,2451,2,1,7,31,0,0,0,8,0,0,0,50
386,55605,Toby,Alderweireld,Alderweireld,TOT,DEF,a,FALSE,0,97,2.9,2957,2,2,7,39,1,0,0,7,0,0,6,55
387,62974,Erik,Lamela,Lamela,TOT,MID,a,FALSE,0,65,2.6,1203,2,5,5,12,0,0,0,3,0,0,2,60
388,78830,Harry,Kane,Kane,TOT,FWD,a,FALSE,0,158,5.4,2588,18,2,6,36,0,0,0,4,0,0,26,105
389,80226,Serge,Aurier,Aurier,TOT,DEF,a,FALSE,0,124,3.8,2699,1,7,9,33,1,0,0,2,1,0,15,55
390,85971,Heung-Min,Son,Son,TOT,MID,a,FALSE,0,169,5.6,2478,11,13,7,32,0,0,1,0,2,0,18,90
391,93264,Eric,Dier,Dier,TOT,DEF,a,FALSE,0,36,1.9,1340,0,2,3,23,0,0,0,5,0,0,0,50
392,95715,Lucas,Rodrigues Moura da Silva,Lucas Moura,TOT,MID,a,FALSE,0,100,2.9,2235,4,5,6,29,0,0,0,3,0,0,3,70
393,102884,Paulo,Gazzaniga,Gazzaniga,TOT,GKP,a,FALSE,0,58,3.2,1612,0,0,2,26,0,1,0,1,0,59,6,45
394,108823,Bamidele,Alli,Alli,TOT,MID,a,FALSE,0,117,4.7,1845,8,6,4,25,0,0,0,2,0,0,12,80
395,115556,Ben,Davies,Davies,TOT,DEF,a,FALSE,0,41,2.3,1430,0,0,4,19,0,0,0,6,0,0,2,50
396,132015,Pierre-Emile,Højbjerg,Højbjerg,TOT,MID,a,FALSE,0,75,2.3,2750,0,3,7,51,0,0,0,5,0,0,1,50
397,157668,Harry,Winks,Winks,TOT,MID,a,FALSE,0,52,1.7,2223,0,0,6,31,0,0,0,9,0,0,0,55
398,173904,Davinson,Sánchez,Sánchez,TOT,DEF,a,FALSE,0,64,2.2,2431,0,2,4,37,0,0,0,6,0,0,4,55
399,184349,Ryan,Sessegnon,Sessegnon,TOT,DEF,a,FALSE,0,9,1.5,341,0,0,0,5,0,0,0,0,0,0,0,50
400,194252,Steven,Bergwijn,Bergwijn,TOT,MID,a,FALSE,0,43,3.1,699,3,1,2,9,0,0,0,2,0,0,5,75
401,195774,Gedson,Carvalho Fernandes,Fernandes,TOT,MID,a,FALSE,0,7,1,62,0,0,0,1,0,0,0,0,0,0,0,50
402,199584,Japhet,Tanganga,Tanganga,TOT,DEF,a,FALSE,0,17,2.8,525,0,0,2,7,0,0,0,1,0,0,0,50
403,200826,Giovani,Lo Celso,Lo Celso,TOT,MID,a,FALSE,0,54,1.9,1482,0,3,6,18,0,0,0,6,0,0,3,70
404,209042,Oliver,Skipp,Skipp,TOT,MID,n,FALSE,0,7,1,74,0,0,0,1,0,0,0,0,0,0,0,45
405,231372,Tanguy,Ndombele,Ndombele,TOT,MID,a,FALSE,0,45,2.1,1002,2,2,1,17,0,0,0,3,0,0,2,60
406,234908,Juan,Foyth,Foyth,TOT,DEF,a,FALSE,0,3,0.8,66,0,0,0,3,0,0,0,1,0,0,0,45
457,87835,Matt,Doherty,Doherty,TOT,DEF,a,FALSE,0,167,4.6,2836,4,8,12,31,0,0,0,1,0,0,15,60
482,15749,Joe,Hart,Hart,TOT,GKP,a,FALSE,0,0,0,0,0,0,0,0,0,0,0,0,0,0,0,45
521,168763,Cameron,Carter-Vickers,Carter-Vickers,TOT,DEF,a,FALSE,0,0,0,0,0,0,0,0,0,0,0,0,0,0,0,40
542,199249,Sergio,Reguilón,Reguilón,TOT,DEF,d,FALSE,0,0,0,0,0,0,0,0,0,0,0,0,0,0,0,55
543,36903,Gareth,Bale,Bale,TOT,MID,d,FALSE,0,0,0,0,0,0,0,0,0,0,0,0,0,0,0,95
56,50093,David,Button,Button,WBA,GKP,a,FALSE,0,0,0,0,0,0,0,0,0,0,0,0,0,0,0,40
358,171975,Callum,Robinson,Callum Robinson,WBA,FWD,a,FALSE,0,33,2.1,669,1,2,2,6,0,0,0,1,0,0,1,55
407,42427,Kieran,Gibbs,Gibbs,WBA,DEF,a,FALSE,0,0,0,0,0,0,0,0,0,0,0,0,0,0,0,45
408,49440,Hal,Robson-Kanu,Robson-Kanu,WBA,FWD,a,FALSE,0,0,0,0,0,0,0,0,0,0,0,0,0,0,0,55
409,49944,Jake,Livermore,Livermore,WBA,MID,a,FALSE,0,0,0,0,0,0,0,0,0,0,0,0,0,0,0,50
410,49957,Kamil,Grosicki,Grosicki,WBA,MID,a,FALSE,0,0,0,0,0,0,0,0,0,0,0,0,0,0,0,55
411,50229,Matt,Phillips,Phillips,WBA,MID,a,FALSE,0,0,0,0,0,0,0,0,0,0,0,0,0,0,0,55
412,59940,Kyle,Bartley,Bartley,WBA,DEF,a,FALSE,0,0,0,0,0,0,0,0,0,0,0,0,0,0,0,45
413,61600,Romaine,Sawyers,Sawyers,WBA,MID,a,FALSE,0,0,0,0,0,0,0,0,0,0,0,0,0,0,0,50
414,77777,Ahmed El-Sayed,Hegazy,Hegazi,WBA,DEF,a,FALSE,0,0,0,0,0,0,0,0,0,0,0,0,0,0,0,45
415,78356,Charlie,Austin,Austin,WBA,FWD,a,FALSE,0,0,0,0,0,0,0,0,0,0,0,0,0,0,0,55
416,82078,Kenneth,Zohore,Zohore,WBA,FWD,d,FALSE,0,0,0,0,0,0,0,0,0,0,0,0,0,0,0,50
417,101982,Sam,Johnstone,Johnstone,WBA,GKP,a,FALSE,0,0,0,0,0,0,0,0,0,0,0,0,0,0,0,45
418,108053,Conor,Townsend,Townsend,WBA,DEF,d,FALSE,0,0,0,0,0,0,0,0,0,0,0,0,0,0,0,45
419,146426,Oluwasemilogo Adesewo Ibidapo,Ajayi,Ajayi,WBA,DEF,a,FALSE,0,0,0,0,0,0,0,0,0,0,0,0,0,0,0,50
420,173809,Jonathan,Leko,Leko,WBA,MID,u,FALSE,0,0,0,0,0,0,0,0,0,0,0,0,0,0,0,45
421,174593,Kyle,Edwards,Edwards,WBA,MID,a,FALSE,0,0,0,0,0,0,0,0,0,0,0,0,0,0,0,50
422,176420,Darnell,Furlong,Furlong,WBA,DEF,a,FALSE,0,0,0,0,0,0,0,0,0,0,0,0,0,0,0,45
423,195864,Sam,Field,Field,WBA,MID,a,FALSE,0,0,0,0,0,0,0,0,0,0,0,0,0,0,0,50
425,216616,Dara,O'Shea,O'Shea,WBA,DEF,a,FALSE,0,0,0,0,0,0,0,0,0,0,0,0,0,0,0,45
426,232427,Rekeem,Harper,Harper,WBA,MID,a,FALSE,0,0,0,0,0,0,0,0,0,0,0,0,0,0,0,45
446,179830,Grady,Diangana,Diangana,WBA,MID,a,FALSE,0,0,0,0,0,0,0,0,0,0,0,0,0,0,0,55
481,210407,Matheus,Pereira,Pereira,WBA,MID,a,FALSE,0,0,0,0,0,0,0,0,0,0,0,0,0,0,0,60
499,183015,Cedric,Kipre,Kipre,WBA,DEF,a,FALSE,0,0,0,0,0,0,0,0,0,0,0,0,0,0,0,45
530,41135,Branislav,Ivanovic,Ivanovic,WBA,DEF,d,FALSE,0,0,0,0,0,0,0,0,0,0,0,0,0,0,0,45
544,232787,Conor,Gallagher,Gallagher,WBA,MID,a,FALSE,0,0,0,0,0,0,0,0,0,0,0,0,0,0,0,55
555,200878,Filip,Krovinovic,Krovinovic,WBA,MID,a,FALSE,0,0,0,0,0,0,0,0,0,0,0,0,0,0,0,50
427,18073,Mark,Noble,Noble,WHU,MID,a,FALSE,0,105,3.2,2675,4,4,7,44,0,0,0,5,0,0,8,50
428,18987,Robert,Snodgrass,Snodgrass,WHU,MID,a,FALSE,0,87,3.6,1504,5,5,3,33,0,0,0,4,0,0,8,60
429,19194,David,Martin,Martin,WHU,GKP,a,FALSE,0,20,4,435,0,0,2,6,0,0,0,1,0,15,2,40
430,32259,Darren,Randolph,Randolph,WHU,GKP,a,FALSE,0,3,1.5,180,0,0,0,5,0,0,0,0,0,6,0,45
431,37096,Lukasz,Fabianski,Fabianski,WHU,GKP,a,FALSE,0,83,3.3,2117,0,0,5,34,0,1,0,1,0,72,5,50
432,40669,Angelo,Ogbonna,Ogbonna,WHU,DEF,a,FALSE,0,81,2.6,2786,2,0,7,44,1,0,0,4,0,0,0,50
433,40694,Roberto,Jimenez Gago,Roberto,WHU,GKP,u,FALSE,0,18,2.2,686,0,0,0,17,1,0,0,0,0,36,1,45
434,54102,Jack,Wilshere,Wilshere,WHU,MID,a,FALSE,0,8,1,209,0,0,0,5,0,0,0,0,0,0,0,50
435,55459,Aaron,Cresswell,Cresswell,WHU,DEF,a,FALSE,0,79,2.5,2727,3,0,5,51,0,0,0,7,0,0,5,50
436,56377,Andriy,Yarmolenko,Yarmolenko,WHU,MID,a,FALSE,0,70,3,981,5,1,3,17,0,0,0,2,0,0,10,60
437,57531,Michail,Antonio,Antonio,WHU,FWD,a,FALSE,0,111,4.6,1767,10,4,3,30,0,0,0,3,0,0,8,65
438,81012,Ryan,Fredericks,Fredericks,WHU,DEF,a,FALSE,0,74,2.7,2235,0,3,7,39,0,0,0,7,0,0,7,45
439,86934,Manuel,Lanzini,Lanzini,WHU,MID,d,FALSE,0,50,2.1,1370,0,3,2,30,0,0,0,1,0,0,3,65
440,101537,Felipe Anderson,Pereira Gomes,Felipe Anderson,WHU,MID,a,FALSE,0,66,2.6,1493,1,4,7,27,0,0,0,1,0,0,1,65
441,103123,Sébastien,Haller,Haller,WHU,FWD,a,FALSE,0,102,3.2,2259,7,3,5,41,0,0,0,1,0,0,11,65
442,105717,Arthur,Masuaku,Masuaku,WHU,DEF,a,FALSE,0,26,1.5,930,0,1,2,18,0,0,0,4,1,0,3,45
443,166640,Fabián,Balbuena,Balbuena,WHU,DEF,a,FALSE,0,40,2.4,1176,1,0,3,24,0,0,0,2,0,0,3,45
444,167522,Jordan,Hugill,Hugill,WHU,FWD,u,FALSE,0,0,0,0,0,0,0,0,0,0,0,0,0,0,0,55
445,178186,Jarrod,Bowen,Bowen,WHU,MID,a,FALSE,0,44,3.4,916,1,4,1,13,0,0,0,0,0,0,3,65
447,181008,Albian,Ajeti,Ajeti,WHU,FWD,u,FALSE,0,9,1,132,0,0,0,3,0,0,0,0,0,0,0,55
448,204480,Declan,Rice,Rice,WHU,MID,a,FALSE,0,105,2.8,3420,1,5,7,62,0,0,0,6,0,0,8,50
449,215439,Tomas,Soucek,Soucek,WHU,MID,a,FALSE,0,41,3.2,1039,3,0,1,18,1,0,0,0,0,0,3,50
450,217593,Pablo,Fornals,Fornals,WHU,MID,a,FALSE,0,93,2.6,2167,2,6,6,35,0,0,0,3,0,0,4,65
451,219924,Issa,Diop,Diop,WHU,DEF,a,FALSE,0,76,2.4,2765,3,1,4,54,0,0,0,8,0,0,3,45
452,222018,Ben,Johnson,Johnson,WHU,DEF,a,FALSE,0,6,2,270,0,0,0,3,0,0,0,0,0,0,0,40
453,19236,John,Ruddy,Ruddy,WOL,GKP,a,FALSE,0,0,0,0,0,0,0,0,0,0,0,0,0,0,0,45
558,164555,Vladimir,Coufal,Coufal,WHU,DEF,a,FALSE,0,0,0,0,0,0,0,0,0,0,0,0,0,0,0,45
454,19624,João Filipe Iria,Santos Moutinho,Moutinho,WOL,MID,a,FALSE,0,113,3,3105,1,7,11,36,0,0,0,7,0,0,12,55
455,38533,Rui Pedro,dos Santos Patrício,Patrício,WOL,GKP,a,FALSE,0,153,4,3420,0,0,13,40,0,2,0,0,0,90,8,55
456,41727,Ryan,Bennett,Bennett,WOL,DEF,a,FALSE,0,32,2,932,0,0,3,17,0,0,0,2,0,0,2,45
458,90585,Willy,Boly,Boly,WOL,DEF,a,FALSE,0,97,4.4,1980,0,1,12,15,0,0,0,1,1,0,10,55
459,94147,Conor,Coady,Coady,WOL,DEF,a,FALSE,0,118,3.1,3420,0,0,13,40,0,0,0,5,0,0,7,50
460,102057,Raúl,Jiménez,Jiménez,WOL,FWD,a,FALSE,0,194,5.1,3241,17,7,15,36,0,0,0,3,0,0,33,85
461,107613,Romain,Saïss,Saïss,WOL,DEF,a,FALSE,0,103,3.1,2703,2,2,10,34,0,0,0,10,1,0,8,50
462,114128,Jonathan,Castro Otto,Jonny,WOL,DEF,i,FALSE,0,123,3.5,2885,2,3,11,35,0,0,0,4,0,0,6,55
463,141569,Léo,Bonatini,Bonatini,WOL,FWD,a,FALSE,0,0,0,0,0,0,0,0,0,0,0,0,0,0,0,50
464,151589,Leander,Dendoncker,Dendoncker,WOL,MID,a,FALSE,0,100,2.6,2790,4,0,11,34,1,0,0,5,0,0,9,50
465,159533,Adama,Traoré,Traoré,WOL,MID,a,FALSE,0,130,3.5,2599,4,9,7,33,0,0,0,1,0,0,14,65
466,171317,Rúben Diogo,da Silva Neves,Neves,WOL,MID,a,FALSE,0,97,2.6,3053,2,2,13,35,0,0,0,9,0,0,7,55
467,179456,Oskar,Buur,Buur,WOL,DEF,a,FALSE,0,0,0,0,0,0,0,0,0,0,0,0,0,0,0,40
469,200600,Daniel,Castelo Podence,Podence,WOL,MID,a,FALSE,0,25,2.8,285,1,1,3,0,0,0,0,0,0,0,2,55
470,214048,Max,Kilman,Kilman,WOL,DEF,a,FALSE,0,5,1.7,184,0,0,0,2,0,0,0,0,0,0,0,40
471,216054,Rúben Gonçalo,Silva Nascimento Vinagre,Vinagre,WOL,DEF,a,FALSE,0,32,2,644,0,0,3,6,0,0,0,1,0,0,1,45
472,216208,Matija,Sarkic,Sarkic,WOL,GKP,a,FALSE,0,0,0,0,0,0,0,0,0,0,0,0,0,0,0,45
473,222531,Morgan,Gibbs-White,Gibbs-White,WOL,MID,n,FALSE,0,11,1.6,125,0,1,0,2,0,0,0,0,0,0,0,50
474,247632,Pedro,Lomba Neto,Neto,WOL,MID,a,FALSE,0,57,2,920,3,3,1,12,0,0,0,3,0,0,0,55
475,428610,Bruno André,Cavaco Jordao,Jordao,WOL,MID,a,FALSE,0,1,1,6,0,0,0,0,0,0,0,0,0,0,0,45
476,474003,Leonardo,Campana,Campana,WOL,FWD,a,FALSE,0,0,0,0,0,0,0,0,0,0,0,0,0,0,0,50
504,449988,Fabio,Silva,Fabio Silva,WOL,FWD,a,FALSE,0,0,0,0,0,0,0,0,0,0,0,0,0,0,0,55
505,111291,Fernando,Marçal,Marçal,WOL,DEF,a,FALSE,0,0,0,0,0,0,0,0,0,0,0,0,0,0,0,50
515,437858,Vitor,Ferreira,Vitinha,WOL,MID,a,FALSE,0,0,0,0,0,0,0,0,0,0,0,0,0,0,0,50
545,441271,Ki-Jana,Hoever,Hoever,WOL,DEF,a,FALSE,0,0,0,0,0,0,0,0,0,0,0,0,0,0,0,45
546,200402,Nélson,Cabral Semedo,Semedo,WOL,DEF,a,FALSE,0,0,0,0,0,0,0,0,0,0,0,0,0,0,0,55
553,225368,Meritan,Shabani,Shabani,WOL,MID,a,FALSE,0,0,0,0,0,0,0,0,0,0,0,0,0,0,0,45
